1,som,as,0,2020-12-29
2,jeg,I,0,2020-12-29
3,hans,his,0,2020-12-29
4,at,that,0,2020-12-29
5,han,he,0,2020-12-29
6,var,was,0,2020-12-29
7,for,for,0,2020-12-29
8,på,on,0,2020-12-29
9,er,are,0,2020-12-29
10,med,with,0,2020-12-29
11,de,they,0,2020-12-29
12,være,be,0,2020-12-29
13,på,at,0,2020-12-29
14,ett,one,0,2020-12-29
15,har,have,0,2020-12-29
16,dette,this,0,2020-12-29
17,fra,from,0,2020-12-29
18,etter,by,0,2020-12-29
19,varm,hot,0,2020-12-29
20,ordet,word,0,2020-12-29
21,men,but,0,2020-12-29
22,Hva,what,0,2020-12-29
23,noen,some,0,2020-12-29
24,er,is,0,2020-12-29
25,den,it,0,2020-12-29
26,du,you,0,2020-12-29
27,eller,or,0,2020-12-29
28,hadde,had,0,2020-12-29
29,den,the,0,2020-12-29
30,av,of,0,2020-12-29
31,til,to,0,2020-12-29
32,og,and,0,2020-12-29
33,en,a,0,2020-12-29
34,i,in,0,2020-12-29
35,vi,we,0,2020-12-29
36,kan,can,0,2020-12-29
37,ut,out,0,2020-12-29
38,andre,other,0,2020-12-29
39,var,were,0,2020-12-29
40,som,which,0,2020-12-29
41,gjøre,do,0,2020-12-29
42,deres,their,0,2020-12-29
43,tid,time,0,2020-12-29
44,hvis,if,0,2020-12-29
45,vil,will,0,2020-12-29
46,hvordan,how,0,2020-12-29
47,sa,said,0,2020-12-29
48,en,an,0,2020-12-29
49,hver,each,0,2020-12-29
50,fortelle,tell,0,2020-12-29
51,gjør,does,0,2020-12-29
52,sett,set,0,2020-12-29
53,tre,three,0,2020-12-29
54,ønsker,want,0,2020-12-29
55,luft,air,0,2020-12-29
56,godt,well,0,2020-12-29
57,også,also,0,2020-12-29
58,spille,play,0,2020-12-29
59,liten,small,0,2020-12-29
60,ende,end,0,2020-12-29
61,sette,put,0,2020-12-29
62,hjem,home,0,2020-12-29
63,lese,read,0,2020-12-29
64,hånd,hand,0,2020-12-29
65,port,port,0,2020-12-29
66,stor,large,0,2020-12-29
67,stave,spell,0,2020-12-29
68,legge,add,0,2020-12-29
69,selv,even,0,2020-12-29
70,landet,land,0,2020-12-29
71,her,here,0,2020-12-29
72,må,must,0,2020-12-29
73,big,big,0,2020-12-29
74,høy,high,0,2020-12-29
75,slik,such,0,2020-12-29
76,følg,follow,0,2020-12-29
77,handle,act,0,2020-12-29
78,hvorfor,why,0,2020-12-29
79,spør,ask,0,2020-12-29
80,menn,men,0,2020-12-29
81,endring,change,0,2020-12-29
82,gikk,went,0,2020-12-29
83,lys,light,0,2020-12-29
84,kind,kind,0,2020-12-29
85,off,off,0,2020-12-29
86,trenger,need,0,2020-12-29
87,huset,house,0,2020-12-29
88,bilde,picture,0,2020-12-29
89,prøve,try,0,2020-12-29
90,oss,us,0,2020-12-29
91,igjen,again,0,2020-12-29
92,dyr,animal,0,2020-12-29
93,punkt,point,0,2020-12-29
94,mor,mother,0,2020-12-29
95,verden,world,0,2020-12-29
96,nær,near,0,2020-12-29
97,bygge,build,0,2020-12-29
98,selv,self,0,2020-12-29
99,jorden,earth,0,2020-12-29
100,far,father,0,2020-12-29
101,noen,any,0,2020-12-29
102,ny,new,0,2020-12-29
103,arbeid,work,0,2020-12-29
104,del,part,0,2020-12-29
105,ta,take,0,2020-12-29
106,få,get,0,2020-12-29
107,sted,place,0,2020-12-29
108,gjort,made,0,2020-12-29
109,leve,live,0,2020-12-29
110,der,where,0,2020-12-29
111,etter,after,0,2020-12-29
112,tilbake,back,0,2020-12-29
113,lite,little,0,2020-12-29
114,bare,only,0,2020-12-29
115,runde,round,0,2020-12-29
116,mann,man,0,2020-12-29
117,år,year,0,2020-12-29
118,kom,came,0,2020-12-29
119,vis,show,0,2020-12-29
120,alle,every,0,2020-12-29
121,god,good,0,2020-12-29
122,meg,me,0,2020-12-29
123,gi,give,0,2020-12-29
124,vår,our,0,2020-12-29
125,etter,under,0,2020-12-29
126,navn,name,0,2020-12-29
127,veldig,very,0,2020-12-29
128,gjennom,through,0,2020-12-29
129,bare,just,0,2020-12-29
130,skjema,form,0,2020-12-29
131,setning,sentence,0,2020-12-29
132,stor,great,0,2020-12-29
133,tror,think,0,2020-12-29
134,si,say,0,2020-12-29
135,hjelpe,help,0,2020-12-29
136,lav,low,0,2020-12-29
137,etter,line,0,2020-12-29
138,avvike,differ,0,2020-12-29
139,sving,turn,0,2020-12-29
140,årsaken,cause,0,2020-12-29
141,mye,much,0,2020-12-29
142,mener,mean,0,2020-12-29
143,før,before,0,2020-12-29
144,flytte,move,0,2020-12-29
145,høyre,right,0,2020-12-29
146,gutt,boy,0,2020-12-29
147,gammel,old,0,2020-12-29
148,også,too,0,2020-12-29
149,samme,same,0,2020-12-29
150,hun,she,0,2020-12-29
151,alle,all,0,2020-12-29
152,det,there,0,2020-12-29
153,når,when,0,2020-12-29
154,opp,up,0,2020-12-29
155,bruk,use,0,2020-12-29
156,din,your,0,2020-12-29
157,måte,way,0,2020-12-29
158,om,about,0,2020-12-29
159,mange,many,0,2020-12-29
160,deretter,then,0,2020-12-29
161,dem,them,0,2020-12-29
162,skrive,write,0,2020-12-29
163,ville,would,0,2020-12-29
164,som,like,0,2020-12-29
165,så,so,0,2020-12-29
166,disse,these,0,2020-12-29
167,henne,her,0,2020-12-29
168,lang,long,0,2020-12-29
169,gjøre,make,0,2020-12-29
170,ting,thing,0,2020-12-29
171,se,see,0,2020-12-29
172,ham,him,0,2020-12-29
173,to,two,0,2020-12-29
174,har,has,0,2020-12-29
175,se,look,0,2020-12-29
176,mer,more,0,2020-12-29
177,dag,day,0,2020-12-29
178,kunne,could,0,2020-12-29
179,gå,go,0,2020-12-29
180,kommer,come,0,2020-12-29
181,gjorde,did,0,2020-12-29
182,nummer,number,0,2020-12-29
183,høres,sound,0,2020-12-29
184,no,no,0,2020-12-29
185,mest,most,0,2020-12-29
186,folk,people,0,2020-12-29
187,min,my,0,2020-12-29
188,løpet,over,0,2020-12-29
189,vet,know,0,2020-12-29
190,vann,water,0,2020-12-29
191,enn,than,0,2020-12-29
192,samtale,call,0,2020-12-29
193,første,first,0,2020-12-29
194,som,who,0,2020-12-29
195,kan,may,0,2020-12-29
196,ned,down,0,2020-12-29
197,side,side,0,2020-12-29
198,vært,been,0,2020-12-29
199,nå,now,0,2020-12-29
200,finne,find,0,2020-12-29
201,hode,head,0,2020-12-29
202,stå,stand,0,2020-12-29
203,egen,own,0,2020-12-29
204,side,page,0,2020-12-29
205,bør,should,0,2020-12-29
206,landet,country,0,2020-12-29
207,funnet,found,0,2020-12-29
208,svar,answer,0,2020-12-29
209,skole,school,0,2020-12-29
210,vokse,grow,0,2020-12-29
211,studien,study,0,2020-12-29
212,fortsatt,still,0,2020-12-29
213,lære,learn,0,2020-12-29
214,anlegg,plant,0,2020-12-29
215,dekselet,cover,0,2020-12-29
216,mat,food,0,2020-12-29
217,sol,sun,0,2020-12-29
218,fire,four,0,2020-12-29
219,mellom,between,0,2020-12-29
220,stat,state,0,2020-12-29
221,holde,keep,0,2020-12-29
222,øye,eye,0,2020-12-29
223,aldri,never,0,2020-12-29
224,siste,last,0,2020-12-29
225,la,let,0,2020-12-29
226,trodde,thought,0,2020-12-29
227,by,city,0,2020-12-29
228,tre,tree,0,2020-12-29
229,krysse,cross,0,2020-12-29
230,gård,farm,0,2020-12-29
231,vanskelig,hard,0,2020-12-29
232,start,start,0,2020-12-29
233,kanskje,might,0,2020-12-29
234,historien,story,0,2020-12-29
235,sag,saw,0,2020-12-29
236,langt,far,0,2020-12-29
237,sea,sea,0,2020-12-29
238,tegne,draw,0,2020-12-29
239,venstre,left,0,2020-12-29
240,sent,late,0,2020-12-29
241,kjøre,run,0,2020-12-29
242,ikkegjør,don’t,0,2020-12-29
243,mens,while,0,2020-12-29
244,trykk,press,0,2020-12-29
245,nær,close,0,2020-12-29
246,natt,night,0,2020-12-29
247,real,real,0,2020-12-29
248,livet,life,0,2020-12-29
249,noen,few,0,2020-12-29
250,nord,north,0,2020-12-29
251,bok,book,0,2020-12-29
252,bære,carry,0,2020-12-29
253,tok,took,0,2020-12-29
254,vitenskap,science,0,2020-12-29
255,spise,eat,0,2020-12-29
256,rom,room,0,2020-12-29
257,venn,friend,0,2020-12-29
258,begynte,began,0,2020-12-29
259,ide,idea,0,2020-12-29
260,fisk,fish,0,2020-12-29
261,fjellet,mountain,0,2020-12-29
262,stoppe,stop,0,2020-12-29
263,gang,once,0,2020-12-29
264,basen,base,0,2020-12-29
265,høre,hear,0,2020-12-29
266,hest,horse,0,2020-12-29
267,kutt,cut,0,2020-12-29
268,sikker,sure,0,2020-12-29
269,se,watch,0,2020-12-29
270,farge,color,0,2020-12-29
271,ansikt,face,0,2020-12-29
272,tre,wood,0,2020-12-29
273,hoved,main,0,2020-12-29
274,åpent,open,0,2020-12-29
275,synes,seem,0,2020-12-29
276,sammen,together,0,2020-12-29
277,neste,next,0,2020-12-29
278,hvit,white,0,2020-12-29
279,barn,children,0,2020-12-29
280,begynne,begin,0,2020-12-29
281,fikk,got,0,2020-12-29
282,gå,walk,0,2020-12-29
283,eksempel,example,0,2020-12-29
284,lette,ease,0,2020-12-29
285,papir,paper,0,2020-12-29
286,gruppe,group,0,2020-12-29
287,alltid,always,0,2020-12-29
288,musikk,music,0,2020-12-29
289,de,those,0,2020-12-29
290,både,both,0,2020-12-29
291,mark,mark,0,2020-12-29
292,ofte,often,0,2020-12-29
293,brev,letter,0,2020-12-29
294,før,until,0,2020-12-29
295,mile,mile,0,2020-12-29
296,elv,river,0,2020-12-29
297,bil,car,0,2020-12-29
298,føtter,feet,0,2020-12-29
299,omsorg,care,0,2020-12-29
300,andre,second,0,2020-12-29
301,nok,enough,0,2020-12-29
302,plain,plain,0,2020-12-29
303,jente,girl,0,2020-12-29
304,vanlig,usual,0,2020-12-29
305,ung,young,0,2020-12-29
306,klar,ready,0,2020-12-29
307,ovenfor,above,0,2020-12-29
308,noensinne,ever,0,2020-12-29
309,red,red,0,2020-12-29
310,liste,list,0,2020-12-29
311,skjønt,though,0,2020-12-29
312,føler,feel,0,2020-12-29
313,diskusjon,talk,0,2020-12-29
314,fugl,bird,0,2020-12-29
315,snart,soon,0,2020-12-29
316,kroppen,body,0,2020-12-29
317,hund,dog,0,2020-12-29
318,familie,family,0,2020-12-29
319,direkte,direct,0,2020-12-29
320,posere,pose,0,2020-12-29
321,forlate,leave,0,2020-12-29
322,sangen,song,0,2020-12-29
323,måle,measure,0,2020-12-29
324,dør,door,0,2020-12-29
325,produkt,product,0,2020-12-29
326,svart,black,0,2020-12-29
327,kort,short,0,2020-12-29
328,tall,numeral,0,2020-12-29
329,klasse,class,0,2020-12-29
330,vind,wind,0,2020-12-29
331,spørsmål,question,0,2020-12-29
332,skje,happen,0,2020-12-29
333,komplett,complete,0,2020-12-29
334,skip,ship,0,2020-12-29
335,område,area,0,2020-12-29
336,halv,half,0,2020-12-29
337,stein,rock,0,2020-12-29
338,rekkefølge,order,0,2020-12-29
339,brann,fire,0,2020-12-29
340,sør,south,0,2020-12-29
341,problem,problem,0,2020-12-29
342,piece,piece,0,2020-12-29
343,fortalte,told,0,2020-12-29
344,visste,knew,0,2020-12-29
345,passere,pass,0,2020-12-29
346,siden,since,0,2020-12-29
347,toppen,top,0,2020-12-29
348,hele,whole,0,2020-12-29
349,king,king,0,2020-12-29
350,street,street,0,2020-12-29
351,tommers,inch,0,2020-12-29
352,multiplisere,multiply,0,2020-12-29
353,ingenting,nothing,0,2020-12-29
354,kurs,course,0,2020-12-29
355,opphold,stay,0,2020-12-29
356,wheel,wheel,0,2020-12-29
357,fullt,full,0,2020-12-29
358,kraft,force,0,2020-12-29
359,blå,blue,0,2020-12-29
360,objekt,object,0,2020-12-29
361,bestemme,decide,0,2020-12-29
362,overflaten,surface,0,2020-12-29
363,dyp,deep,0,2020-12-29
364,månen,moon,0,2020-12-29
365,øy,island,0,2020-12-29
366,foten,foot,0,2020-12-29
367,system,system,0,2020-12-29
368,opptatt,busy,0,2020-12-29
369,test,test,0,2020-12-29
370,rekord,record,0,2020-12-29
371,båt,boat,0,2020-12-29
372,felles,common,0,2020-12-29
373,gull,gold,0,2020-12-29
374,mulig,possible,0,2020-12-29
375,planet,plane,0,2020-12-29
376,stedet,stead,0,2020-12-29
377,tørk,dry,0,2020-12-29
378,rart,wonder,0,2020-12-29
379,latter,laugh,0,2020-12-29
380,tusen,thousand,0,2020-12-29
381,siden,ago,0,2020-12-29
382,Ran,ran,0,2020-12-29
383,sjekk,check,0,2020-12-29
384,spill,game,0,2020-12-29
385,form,shape,0,2020-12-29
386,likestille,equate,0,2020-12-29
387,hot,hot,0,2020-12-29
388,savner,miss,0,2020-12-29
389,brakte,brought,0,2020-12-29
390,hete,heat,0,2020-12-29
391,snø,snow,0,2020-12-29
392,dekk,tire,0,2020-12-29
393,bringe,bring,0,2020-12-29
394,ja,yes,0,2020-12-29
395,fjernt,distant,0,2020-12-29
396,fylle,fill,0,2020-12-29
397,øst,east,0,2020-12-29
398,maling,paint,0,2020-12-29
399,språk,language,0,2020-12-29
400,blant,among,0,2020-12-29
401,enhet,unit,0,2020-12-29
402,makt,power,0,2020-12-29
403,byen,town,0,2020-12-29
404,bot,fine,0,2020-12-29
405,viss,certain,0,2020-12-29
406,fly,fly,0,2020-12-29
407,høst,fall,0,2020-12-29
408,føre,lead,0,2020-12-29
409,gråte,cry,0,2020-12-29
410,mørk,dark,0,2020-12-29
411,maskin,machine,0,2020-12-29
412,notat,note,0,2020-12-29
413,vente,wait,0,2020-12-29
414,planen,plan,0,2020-12-29
415,figur,figure,0,2020-12-29
416,stjerners,star,0,2020-12-29
417,boks,box,0,2020-12-29
418,substantiv,noun,0,2020-12-29
419,felt,field,0,2020-12-29
420,resten,rest,0,2020-12-29
421,riktig,correct,0,2020-12-29
422,stand,able,0,2020-12-29
423,pund,pound,0,2020-12-29
424,gjort,done,0,2020-12-29
425,skjønnhet,beauty,0,2020-12-29
426,kjøring,drive,0,2020-12-29
427,sto,stood,0,2020-12-29
428,inneholde,contain,0,2020-12-29
429,foran,front,0,2020-12-29
430,undervise,teach,0,2020-12-29
431,uke,week,0,2020-12-29
432,endelig,final,0,2020-12-29
433,ga,gave,0,2020-12-29
434,grønn,green,0,2020-12-29
435,oh,oh,0,2020-12-29
436,rask,quick,0,2020-12-29
437,utvikle,develop,0,2020-12-29
438,ocean,ocean,0,2020-12-29
439,varm,warm,0,2020-12-29
440,gratis,free,0,2020-12-29
441,minutt,minute,0,2020-12-29
442,sterk,strong,0,2020-12-29
443,spesiell,special,0,2020-12-29
444,sinn,mind,0,2020-12-29
445,bak,behind,0,2020-12-29
446,klar,clear,0,2020-12-29
447,halen,tail,0,2020-12-29
448,produsere,produce,0,2020-12-29
449,faktisk,fact,0,2020-12-29
450,plass,space,0,2020-12-29
451,hørt,heard,0,2020-12-29
452,beste,best,0,2020-12-29
453,time,hour,0,2020-12-29
454,bedre,better,0,2020-12-29
455,SANT,true,0,2020-12-29
456,under,during,0,2020-12-29
457,hundre,hundred,0,2020-12-29
458,fem,five,0,2020-12-29
459,huske,remember,0,2020-12-29
460,trinn,step,0,2020-12-29
461,tidlig,early,0,2020-12-29
462,holde,hold,0,2020-12-29
463,vest,west,0,2020-12-29
464,bakken,ground,0,2020-12-29
465,interesse,interest,0,2020-12-29
466,nå,reach,0,2020-12-29
467,rask,fast,0,2020-12-29
468,verb,verb,0,2020-12-29
469,synge,sing,0,2020-12-29
470,lytte,listen,0,2020-12-29
471,seks,six,0,2020-12-29
472,bord,table,0,2020-12-29
473,reise,travel,0,2020-12-29
474,mindre,less,0,2020-12-29
475,morgen,morning,0,2020-12-29
476,ti,ten,0,2020-12-29
477,enkel,simple,0,2020-12-29
478,flere,several,0,2020-12-29
479,vokal,vowel,0,2020-12-29
480,mot,toward,0,2020-12-29
481,krig,war,0,2020-12-29
482,lå,lay,0,2020-12-29
483,mot,against,0,2020-12-29
484,mønster,pattern,0,2020-12-29
485,langsom,slow,0,2020-12-29
486,senter,center,0,2020-12-29
487,elsker,love,0,2020-12-29
488,personer,person,0,2020-12-29
489,penger,money,0,2020-12-29
490,tjene,serve,0,2020-12-29
491,vises,appear,0,2020-12-29
492,vei,road,0,2020-12-29
493,kartet,map,0,2020-12-29
494,regn,rain,0,2020-12-29
495,regelen,rule,0,2020-12-29
496,regulerer,govern,0,2020-12-29
497,trekke,pull,0,2020-12-29
498,kaldt,cold,0,2020-12-29
499,varsel,notice,0,2020-12-29
500,stemme,voice,0,2020-12-29
501,energi,energy,0,2020-12-29
502,jakt,hunt,0,2020-12-29
503,sannsynlig,probable,0,2020-12-29
504,seng,bed,0,2020-12-29
505,bror,brother,0,2020-12-29
506,egg,egg,0,2020-12-29
507,ride,ride,0,2020-12-29
508,celle,cell,0,2020-12-29
509,tror,believe,0,2020-12-29
510,kanskje,perhaps,0,2020-12-29
511,plukke,pick,0,2020-12-29
512,plutselige,sudden,0,2020-12-29
513,teller,count,0,2020-12-29
514,square,square,0,2020-12-29
515,grunnen,reason,0,2020-12-29
516,lengde,length,0,2020-12-29
517,representerer,represent,0,2020-12-29
518,kunst,art,0,2020-12-29
519,lagt,subject,0,2020-12-29
520,region,region,0,2020-12-29
521,størrelse,size,0,2020-12-29
522,variere,vary,0,2020-12-29
523,bosette,settle,0,2020-12-29
524,snakke,speak,0,2020-12-29
525,vekt,weight,0,2020-12-29
526,generell,general,0,2020-12-29
527,is,ice,0,2020-12-29
528,saken,matter,0,2020-12-29
529,sirkel,circle,0,2020-12-29
530,pair,pair,0,2020-12-29
531,inkludere,include,0,2020-12-29
532,dividere,divide,0,2020-12-29
533,stavelse,syllable,0,2020-12-29
534,følte,felt,0,2020-12-29
535,grand,grand,0,2020-12-29
536,ballen,ball,0,2020-12-29
537,ennå,yet,0,2020-12-29
538,wave,wave,0,2020-12-29
539,slipp,drop,0,2020-12-29
540,hjerte,heart,0,2020-12-29
541,am,am,0,2020-12-29
542,stede,present,0,2020-12-29
543,tung,heavy,0,2020-12-29
544,dans,dance,0,2020-12-29
545,motor,engine,0,2020-12-29
546,stilling,position,0,2020-12-29
547,arm,arm,0,2020-12-29
548,wide,wide,0,2020-12-29
549,seil,sail,0,2020-12-29
550,material,material,0,2020-12-29
551,brøkdel,fraction,0,2020-12-29
552,skog,forest,0,2020-12-29
553,sitte,sit,0,2020-12-29
554,veddeløp,race,0,2020-12-29
555,vindu,window,0,2020-12-29
556,butikken,store,0,2020-12-29
557,sommer,summer,0,2020-12-29
558,tog,train,0,2020-12-29
559,søvn,sleep,0,2020-12-29
560,bevise,prove,0,2020-12-29
561,lone,lone,0,2020-12-29
562,leg,leg,0,2020-12-29
563,trening,exercise,0,2020-12-29
564,veggen,wall,0,2020-12-29
565,fangst,catch,0,2020-12-29
566,mount,mount,0,2020-12-29
567,ønsker,wish,0,2020-12-29
568,himmel,sky,0,2020-12-29
569,brett,board,0,2020-12-29
570,glede,joy,0,2020-12-29
571,vinter,winter,0,2020-12-29
572,sat,sat,0,2020-12-29
573,skrevet,written,0,2020-12-29
574,vill,wild,0,2020-12-29
575,instrument,instrument,0,2020-12-29
576,holdt,kept,0,2020-12-29
577,glass,glass,0,2020-12-29
578,gress,grass,0,2020-12-29
579,ku,cow,0,2020-12-29
580,jobb,job,0,2020-12-29
581,kanten,edge,0,2020-12-29
582,skilt,sign,0,2020-12-29
583,besøk,visit,0,2020-12-29
584,fortid,past,0,2020-12-29
585,myk,soft,0,2020-12-29
586,moro,fun,0,2020-12-29
587,lyse,bright,0,2020-12-29
588,gass,gas,0,2020-12-29
589,vær,weather,0,2020-12-29
590,måned,month,0,2020-12-29
591,millioner,million,0,2020-12-29
592,bære,bear,0,2020-12-29
593,ferdig,finish,0,2020-12-29
594,lykkelig,happy,0,2020-12-29
595,håper,hope,0,2020-12-29
596,blomst,flower,0,2020-12-29
597,ikle,clothe,0,2020-12-29
598,merkelig,strange,0,2020-12-29
599,borte,gone,0,2020-12-29
600,handel,trade,0,2020-12-29
601,melodi,melody,0,2020-12-29
602,tur,trip,0,2020-12-29
603,kontor,office,0,2020-12-29
604,motta,receive,0,2020-12-29
605,rad,row,0,2020-12-29
606,munn,mouth,0,2020-12-29
607,eksakte,exact,0,2020-12-29
608,symbol,symbol,0,2020-12-29
609,dø,die,0,2020-12-29
610,minst,least,0,2020-12-29
611,trøbbel,trouble,0,2020-12-29
612,rop,shout,0,2020-12-29
613,bortsettfra,except,0,2020-12-29
614,skrev,wrote,0,2020-12-29
615,seedet,seed,0,2020-12-29
616,tonen,tone,0,2020-12-29
617,blimed,join,0,2020-12-29
618,foreslå,suggest,0,2020-12-29
619,ren,clean,0,2020-12-29
620,pause,break,0,2020-12-29
621,damen,lady,0,2020-12-29
622,tunet,yard,0,2020-12-29
623,stige,rise,0,2020-12-29
624,dårlig,bad,0,2020-12-29
625,slag,blow,0,2020-12-29
626,olje,oil,0,2020-12-29
627,blod,blood,0,2020-12-29
628,røre,touch,0,2020-12-29
629,vokste,grew,0,2020-12-29
630,prosent,cent,0,2020-12-29
631,bland,mix,0,2020-12-29
632,teamet,team,0,2020-12-29
633,ledning,wire,0,2020-12-29
634,kostnader,cost,0,2020-12-29
635,tapt,lost,0,2020-12-29
636,brun,brown,0,2020-12-29
637,slitasje,wear,0,2020-12-29
638,hage,garden,0,2020-12-29
639,lik,equal,0,2020-12-29
640,sendt,sent,0,2020-12-29
641,velge,choose,0,2020-12-29
642,falt,fell,0,2020-12-29
643,passe,fit,0,2020-12-29
644,flyte,flow,0,2020-12-29
645,rettferdig,fair,0,2020-12-29
646,bank,bank,0,2020-12-29
647,samle,collect,0,2020-12-29
648,spare,save,0,2020-12-29
649,kontroll,control,0,2020-12-29
650,desimal,decimal,0,2020-12-29
651,øret,ear,0,2020-12-29
652,annet,else,0,2020-12-29
653,ganske,quite,0,2020-12-29
654,brøt,broke,0,2020-12-29
655,case,case,0,2020-12-29
656,midten,middle,0,2020-12-29
657,drepe,kill,0,2020-12-29
658,sønn,son,0,2020-12-29
659,innsjø,lake,0,2020-12-29
660,øyeblikk,moment,0,2020-12-29
661,skala,scale,0,2020-12-29
662,høyt,loud,0,2020-12-29
663,våren,spring,0,2020-12-29
664,observere,observe,0,2020-12-29
665,barn,child,0,2020-12-29
666,rett,straight,0,2020-12-29
667,konsonant,consonant,0,2020-12-29
668,nasjon,nation,0,2020-12-29
669,ordbok,dictionary,0,2020-12-29
670,melk,milk,0,2020-12-29
671,hastighet,speed,0,2020-12-29
672,metode,method,0,2020-12-29
673,organ,organ,0,2020-12-29
674,betale,pay,0,2020-12-29
675,alder,age,0,2020-12-29
676,seksjon,section,0,2020-12-29
677,kjole,dress,0,2020-12-29
678,skyen,cloud,0,2020-12-29
679,overraskelse,surprise,0,2020-12-29
680,stille,quiet,0,2020-12-29
681,stein,stone,0,2020-12-29
682,tiny,tiny,0,2020-12-29
683,klatre,climb,0,2020-12-29
684,kult,cool,0,2020-12-29
685,utforming,design,0,2020-12-29
686,dårlig,poor,0,2020-12-29
687,mye,lot,0,2020-12-29
688,eksperiment,experiment,0,2020-12-29
689,bunnen,bottom,0,2020-12-29
690,nøkkel,key,0,2020-12-29
691,jern,iron,0,2020-12-29
692,enslig,single,0,2020-12-29
693,stick,stick,0,2020-12-29
694,flat,flat,0,2020-12-29
695,tjue,twenty,0,2020-12-29
696,hud,skin,0,2020-12-29
697,smil,smile,0,2020-12-29
698,krøll,crease,0,2020-12-29
699,hull,hole,0,2020-12-29
700,hopp,jump,0,2020-12-29
701,babyen,baby,0,2020-12-29
702,åtte,eight,0,2020-12-29
703,landsby,village,0,2020-12-29
704,møtes,meet,0,2020-12-29
705,rot,root,0,2020-12-29
706,kjøpe,buy,0,2020-12-29
707,heve,raise,0,2020-12-29
708,løse,solve,0,2020-12-29
709,metall,metal,0,2020-12-29
710,enten,whether,0,2020-12-29
711,Push,push,0,2020-12-29
712,syv,seven,0,2020-12-29
713,avsnitt,paragraph,0,2020-12-29
714,tredje,third,0,2020-12-29
715,skal,shall,0,2020-12-29
716,holdt,held,0,2020-12-29
717,hår,hair,0,2020-12-29
718,beskrive,describe,0,2020-12-29
719,kokk,cook,0,2020-12-29
720,etasje,floor,0,2020-12-29
721,enten,either,0,2020-12-29
722,resultat,result,0,2020-12-29
723,brenne,burn,0,2020-12-29
724,hill,hill,0,2020-12-29
725,trygg,safe,0,2020-12-29
726,katt,cat,0,2020-12-29
727,århundre,century,0,2020-12-29
728,vurdere,consider,0,2020-12-29
729,typen,type,0,2020-12-29
730,lov,law,0,2020-12-29
731,bit,bit,0,2020-12-29
732,kysten,coast,0,2020-12-29
733,kopi,copy,0,2020-12-29
734,frase,phrase,0,2020-12-29
735,taus,silent,0,2020-12-29
736,høyt,tall,0,2020-12-29
737,sand,sand,0,2020-12-29
738,jord,soil,0,2020-12-29
739,rulle,roll,0,2020-12-29
740,temperatur,temperature,0,2020-12-29
741,fingeren,finger,0,2020-12-29
742,industrien,industry,0,2020-12-29
743,verdi,value,0,2020-12-29
744,kampen,fight,0,2020-12-29
745,løgn,lie,0,2020-12-29
746,slå,beat,0,2020-12-29
747,opphisse,excite,0,2020-12-29
748,naturlig,natural,0,2020-12-29
749,visning,view,0,2020-12-29
750,følelse,sense,0,2020-12-29
751,kapital,capital,0,2020-12-29
752,vilikke,won’t,0,2020-12-29
753,stol,chair,0,2020-12-29
754,fare,danger,0,2020-12-29
755,frukt,fruit,0,2020-12-29
756,rik,rich,0,2020-12-29
757,tykk,thick,0,2020-12-29
758,soldat,soldier,0,2020-12-29
759,prosessen,process,0,2020-12-29
760,betjene,operate,0,2020-12-29
761,praksis,practice,0,2020-12-29
762,separat,separate,0,2020-12-29
763,vanskelig,difficult,0,2020-12-29
764,lege,doctor,0,2020-12-29
765,Vennligst,please,0,2020-12-29
766,beskytte,protect,0,2020-12-29
767,noon,noon,0,2020-12-29
768,avling,crop,0,2020-12-29
769,moderne,modern,0,2020-12-29
770,element,element,0,2020-12-29
771,rammet,hit,0,2020-12-29
772,studenten,student,0,2020-12-29
773,hjørne,corner,0,2020-12-29
774,fest,party,0,2020-12-29
775,forsyning,supply,0,2020-12-29
776,hvis,whose,0,2020-12-29
777,isere,locate,0,2020-12-29
778,ring,ring,0,2020-12-29
779,karakter,character,0,2020-12-29
780,insekt,insect,0,2020-12-29
781,fanget,caught,0,2020-12-29
782,periode,period,0,2020-12-29
783,indikere,indicate,0,2020-12-29
784,radioen,radio,0,2020-12-29
785,snakket,spoke,0,2020-12-29
786,atomet,atom,0,2020-12-29
787,menneskelig,human,0,2020-12-29
788,historie,history,0,2020-12-29
789,effekt,effect,0,2020-12-29
790,elektrisk,electric,0,2020-12-29
791,forvente,expect,0,2020-12-29
792,bein,bone,0,2020-12-29
793,skinne,rail,0,2020-12-29
794,forestille,imagine,0,2020-12-29
795,gi,provide,0,2020-12-29
796,enig,agree,0,2020-12-29
797,dermed,thus,0,2020-12-29
798,skånsom,gentle,0,2020-12-29
799,kvinne,woman,0,2020-12-29
800,kaptein,captain,0,2020-12-29
801,gjett,guess,0,2020-12-29
802,nødvendig,necessary,0,2020-12-29
803,skarp,sharp,0,2020-12-29
804,vinge,wing,0,2020-12-29
805,skape,create,0,2020-12-29
806,nabo,neighbor,0,2020-12-29
807,vask,wash,0,2020-12-29
808,bat,bat,0,2020-12-29
809,heller,rather,0,2020-12-29
810,folkemengde,crowd,0,2020-12-29
811,mais,corn,0,2020-12-29
812,sammenligne,compare,0,2020-12-29
813,dikt,poem,0,2020-12-29
814,streng,string,0,2020-12-29
815,bell,bell,0,2020-12-29
816,avhenge,depend,0,2020-12-29
817,kjøtt,meat,0,2020-12-29
818,gni,rub,0,2020-12-29
819,tube,tube,0,2020-12-29
820,berømt,famous,0,2020-12-29
921,dollar,dollar,0,2020-12-29
822,stream,stream,0,2020-12-29
823,frykt,fear,0,2020-12-29
284,synet,sight,0,2020-12-29
825,tynn,thin,0,2020-12-29
826,trekant,triangle,0,2020-12-29
827,planet,planet,0,2020-12-29
828,skynde,hurry,0,2020-12-29
829,sjef,chief,0,2020-12-29
830,koloni,colony,0,2020-12-29
831,klokke,clock,0,2020-12-29
832,gruve,mine,0,2020-12-29
833,slips,tie,0,2020-12-29
834,inn,enter,0,2020-12-29
835,stor,major,0,2020-12-29
836,frisk,fresh,0,2020-12-29
837,søk,search,0,2020-12-29
838,send,send,0,2020-12-29
839,gul,yellow,0,2020-12-29
840,pistol,gun,0,2020-12-29
841,tillate,allow,0,2020-12-29
842,print,print,0,2020-12-29
843,døde,dead,0,2020-12-29
844,sted,spot,0,2020-12-29
845,ørkenen,desert,0,2020-12-29
846,drakt,suit,0,2020-12-29
847,nåværende,current,0,2020-12-29
848,lift,lift,0,2020-12-29
840,rose,rose,0,2020-12-29
850,ankomme,arrive,0,2020-12-29
851,mester,master,0,2020-12-29
852,spor,track,0,2020-12-29
853,forelder,parent,0,2020-12-29
854,shore,shore,0,2020-12-29
855,divisjon,division,0,2020-12-29
856,ark,sheet,0,2020-12-29
857,substans,substance,0,2020-12-29
858,favorisere,favor,0,2020-12-29
859,koble,connect,0,2020-12-29
860,post,post,0,2020-12-29
861,bruke,spend,0,2020-12-29
862,akkord,chord,0,2020-12-29
863,fett,fat,0,2020-12-29
864,glad,glad,0,2020-12-29
865,opprinnelige,original,0,2020-12-29
866,aksje,share,0,2020-12-29
867,stasjonen,station,0,2020-12-29
868,pappa,dad,0,2020-12-29
869,brød,bread,0,2020-12-29
870,belaste,charge,0,2020-12-29
871,riktig,proper,0,2020-12-29
872,bar,bar,0,2020-12-29
873,tilbudet,offer,0,2020-12-29
874,segment,segment,0,2020-12-29
875,slave,slave,0,2020-12-29
876,and,duck,0,2020-12-29
877,instant,instant,0,2020-12-29
878,markedet,market,0,2020-12-29
879,grad,degree,0,2020-12-29
880,befolke,populate,0,2020-12-29
881,chick,chick,0,2020-12-29
882,kjære,dear,0,2020-12-29
883,fiende,enemy,0,2020-12-29
884,svar,reply,0,2020-12-29
885,drikke,drink,0,2020-12-29
886,forekomme,occur,0,2020-12-29
887,støtte,support,0,2020-12-29
888,tale,speech,0,2020-12-29
889,natur,nature,0,2020-12-29
890,range,range,0,2020-12-29
891,steam,steam,0,2020-12-29
892,bevegelse,motion,0,2020-12-29
893,bane,path,0,2020-12-29
894,væske,liquid,0,2020-12-29
895,logg,log,0,2020-12-29
896,ment,meant,0,2020-12-29
897,kvotient,quotient,0,2020-12-29
898,tenner,teeth,0,2020-12-29
899,shell,shell,0,2020-12-29
900,halsen,neck,0,2020-12-29
901,oksygen,oxygen,0,2020-12-29
902,sukker,sugar,0,2020-12-29
903,død,death,0,2020-12-29
904,pen,pretty,0,2020-12-29
905,ferdighet,skill,0,2020-12-29
906,kvinner,women,0,2020-12-29
907,sesong,season,0,2020-12-29
908,løsning,solution,0,2020-12-29
909,magnet,magnet,0,2020-12-29
910,sølv,silver,0,2020-12-29
911,takk,thank,0,2020-12-29
912,gren,branch,0,2020-12-29
913,kamp,match,0,2020-12-29
914,suffiks,suffix,0,2020-12-29
915,spesielt,especially,0,2020-12-29
916,fig,fig,0,2020-12-29
917,redd,afraid,0,2020-12-29
918,stor,huge,0,2020-12-29
919,søster,sister,0,2020-12-29
920,stål,steel,0,2020-12-29
921,diskutere,discuss,0,2020-12-29
922,frem,forward,0,2020-12-29
923,lignende,similar,0,2020-12-29
924,veilede,guide,0,2020-12-29
925,erfaring,experience,0,2020-12-29
926,poengsum,score,0,2020-12-29
927,eple,apple,0,2020-12-29
928,kjøpt,bought,0,2020-12-29
929,ledet,led,0,2020-12-29
930,banen,pitch,0,2020-12-29
931,frakk,coat,0,2020-12-29
932,masse,mass,0,2020-12-29
933,kortet,card,0,2020-12-29
934,bandet,band,0,2020-12-29
935,tau,rope,0,2020-12-29
936,slip,slip,0,2020-12-29
937,vinne,win,0,2020-12-29
938,drømme,dream,0,2020-12-29
939,kveld,evening,0,2020-12-29
940,tilstand,condition,0,2020-12-29
941,fôr,feed,0,2020-12-29
942,verktøy,tool,0,2020-12-29
943,totalt,total,0,2020-12-29
944,grunnleggende,basic,0,2020-12-29
945,lukt,smell,0,2020-12-29
946,dalen,valley,0,2020-12-29
947,eller,nor,0,2020-12-29
948,dobbel,double,0,2020-12-29
949,sete,seat,0,2020-12-29
950,fortsette,continue,0,2020-12-29
951,blokk,block,0,2020-12-29
952,diagram,chart,0,2020-12-29
953,hat,hat,0,2020-12-29
954,selge,sell,0,2020-12-29
955,suksess,success,0,2020-12-29
956,selskap,company,0,2020-12-29
957,subtrahere,subtract,0,2020-12-29
958,hendelse,event,0,2020-12-29
959,særlig,particular,0,2020-12-29
960,avtale,deal,0,2020-12-29
961,svømmetur,swim,0,2020-12-29
962,term,term,0,2020-12-29
963,motsatt,opposite,0,2020-12-29
964,kone,wife,0,2020-12-29
965,shoe,shoe,0,2020-12-29
966,skulder,shoulder,0,2020-12-29
967,spredningen,spread,0,2020-12-29
968,arrangere,arrange,0,2020-12-29
969,leir,camp,0,2020-12-29
970,oppfinne,invent,0,2020-12-29
971,bomull,cotton,0,2020-12-29
972,Født,born,0,2020-12-29
973,bestemme,determine,0,2020-12-29
974,kvart,quart,0,2020-12-29
975,ni,nine,0,2020-12-29
976,lastebil,truck,0,2020-12-29
977,støy,noise,0,2020-12-29
978,nivå,level,0,2020-12-29
979,sjanse,chance,0,2020-12-29
980,samle,gather,0,2020-12-29
981,butikk,shop,0,2020-12-29
982,stretch,stretch,0,2020-12-29
983,kaste,throw,0,2020-12-29
984,skinne,shine,0,2020-12-29
985,eiendom,property,0,2020-12-29
986,kolonne,column,0,2020-12-29
987,molekyl,molecule,0,2020-12-29
988,velg,select,0,2020-12-29
989,galt,wrong,0,2020-12-29
990,grå,gray,0,2020-12-29
991,gjenta,repeat,0,2020-12-29
992,krever,require,0,2020-12-29
993,bred,broad,0,2020-12-29
994,forberede,prepare,0,2020-12-29
995,saltet,salt,0,2020-12-29
996,nese,nose,0,2020-12-29
997,flertall,plural,0,2020-12-29
998,sinne,anger,0,2020-12-29
999,krav,claim,0,2020-12-29
1000,kontinentet,continent,0,2020-12-29
